SendID,EmailName,SubjectLine,SendDate,NumberSent,NumberDelivered,NumberBounced,NumberOpened,NumberClicked,NumberUnsubscribed
1,Organic May2023 #1,Your weekly update,2023-01-12 05:50:00+0000,46,44,2,33,16,3
2,Display Sep2023 #2,Don't miss out,2023-01-03 12:54:00+0000,49,49,0,29,17,8
3,Referral Jul2023 #3,Your weekly update,2023-01-05 20:06:00+0000,45,44,1,31,12,2
4,Referral Feb2023 #4,We saved your seat,2023-01-01 10:08:00+0000,35,33,2,24,12,1
5,Email Jan2023 #5,A special offer inside,2023-01-02 21:08:00+0000,54,49,5,29,13,0
6,Referral Sep2023 #6,Don't miss out,2023-01-01 15:55:00+0000,37,36,1,25,9,2
7,Organic Jun2023 #7,Your weekly update,2023-01-11 16:33:00+0000,26,24,2,14,6,2
8,Paid Search Jan2023 #8,A special offer inside,2023-01-08 17:12:00+0000,25,23,2,11,7,0
9,Display Jan2023 #9,New features just dropped,2023-01-01 03:16:00+0000,56,54,2,44,17,7
10,Email Sep2023 #10,Don't miss out,2023-01-03 14:33:00+0000,26,26,0,16,9,1
11,Social Oct2023 #11,We saved your seat,2023-01-10 03:23:00+0000,51,48,3,28,8,1
12,Display May2023 #12,Your weekly update,2023-01-02 09:22:00+0000,46,44,2,29,10,2
13,Display Aug2023 #13,Don't miss out,2023-01-05 16:03:00+0000,48,47,1,27,12,2
14,Email Jun2023 #14,Don't miss out,2023-01-08 02:14:00+0000,29,28,1,16,8,1
15,Paid Search May2023 #15,New features just dropped,2023-01-08 02:54:00+0000,22,20,2,10,2,0
16,Organic Jul2023 #16,We saved your seat,2023-01-22 10:08:00+0000,22,20,2,15,3,0
17,Social Sep2023 #17,New features just dropped,2023-01-06 23:05:00+0000,41,40,1,27,15,0
18,Organic May2023 #18,Your weekly update,2023-01-14 12:08:00+0000,39,38,1,20,6,3
19,Social Jan2023 #19,A special offer inside,2023-01-10 10:02:00+0000,42,38,4,28,9,2
20,Paid Search Aug2023 #20,Don't miss out,2023-01-05 04:13:00+0000,25,25,0,12,5,0
21,Paid Search Oct2023 #21,Your weekly update,2023-01-08 15:58:00+0000,48,43,5,30,11,6
22,Display Sep2023 #22,Your weekly update,2023-01-02 19:32:00+0000,36,34,2,25,8,3
23,Referral Oct2023 #23,We saved your seat,2023-01-03 09:13:00+0000,49,45,4,33,13,4
24,Referral Sep2023 #24,Don't miss out,2023-01-17 09:58:00+0000,58,56,2,35,10,1
25,Email Apr2023 #25,New features just dropped,2023-02-07 08:40:00+0000,29,26,3,16,10,1
26,Email Aug2023 #26,A special offer inside,2023-01-07 07:36:00+0000,29,27,2,22,9,0
27,Paid Search Jun2023 #27,Don't miss out,2023-01-07 12:06:00+0000,37,34,3,23,13,0
28,Referral Oct2023 #28,Don't miss out,2023-01-15 12:47:00+0000,24,23,1,17,6,0
29,Email Jan2023 #29,A special offer inside,2023-01-05 06:17:00+0000,32,32,0,17,7,3
30,Social May2023 #30,Your weekly update,2023-01-02 13:13:00+0000,49,47,2,25,14,4
31,Referral Aug2023 #31,New features just dropped,2023-01-09 08:14:00+0000,41,39,2,24,10,2
32,Referral Apr2023 #32,Don't miss out,2023-01-02 04:21:00+0000,44,40,4,22,6,1
33,Paid Search Feb2023 #33,Your weekly update,2023-02-07 14:55:00+0000,37,36,1,18,12,2
34,Display Jun2023 #34,We saved your seat,2023-01-04 14:02:00+0000,47,44,3,31,10,5
35,Display May2023 #35,Your weekly update,2023-01-15 15:36:00+0000,36,36,0,22,6,1
36,Referral Jan2023 #36,A special offer inside,2023-01-11 16:54:00+0000,28,26,2,13,6,0
37,Referral Jan2023 #37,New features just dropped,2023-01-23 16:14:00+0000,32,30,2,23,13,1
38,Paid Search Sep2023 #38,A special offer inside,2023-01-16 21:16:00+0000,35,34,1,24,10,2
39,Social Feb2023 #39,We saved your seat,2023-01-03 01:48:00+0000,56,50,6,31,12,3
40,Paid Search Feb2023 #40,Your weekly update,2023-01-04 05:49:00+0000,59,53,6,36,11,0
41,Social Jul2023 #41,Don't miss out,2023-01-13 07:07:00+0000,45,42,3,25,9,0
42,Email Feb2023 #42,We saved your seat,2023-01-03 15:25:00+0000,44,42,2,29,13,4
43,Paid Search Sep2023 #43,A special offer inside,2023-01-06 17:24:00+0000,57,54,3,34,15,2
44,Social Oct2023 #44,Your weekly update,2023-02-10 02:44:00+0000,57,52,5,32,14,1
45,Organic Sep2023 #45,A special offer inside,2023-01-02 19:23:00+0000,58,52,6,30,16,1
46,Social Jan2023 #46,Don't miss out,2023-01-13 21:30:00+0000,58,53,5,32,17,2
47,Paid Search Mar2023 #47,We saved your seat,2023-01-08 15:41:00+0000,25,24,1,13,3,0
48,Email May2023 #48,We saved your seat,2023-01-09 14:23:00+0000,42,38,4,27,16,2
49,Organic Jul2023 #49,New features just dropped,2023-01-02 22:00:00+0000,37,36,1,13,5,1
50,Email Jan2023 #50,A special offer inside,2023-01-09 22:20:00+0000,56,52,4,44,20,4
51,Referral Jun2023 #51,New features just dropped,2023-01-11 20:14:00+0000,20,19,1,7,4,0
52,Social Jan2023 #52,We saved your seat,2023-01-15 09:33:00+0000,21,20,1,11,3,4
53,Paid Search Feb2023 #53,Your weekly update,2023-01-18 20:13:00+0000,39,38,1,18,5,3
54,Social Mar2023 #54,New features just dropped,2023-01-14 00:18:00+0000,36,36,0,20,6,2
55,Referral Jan2023 #55,Your weekly update,2023-01-12 23:58:00+0000,38,36,2,29,7,0
56,Social Mar2023 #56,New features just dropped,2023-01-01 03:48:00+0000,58,56,2,43,24,2
57,Paid Search Sep2023 #57,A special offer inside,2023-01-24 15:16:00+0000,26,22,4,17,5,0
58,Social Jun2023 #58,A special offer inside,2023-01-06 08:16:00+0000,48,46,2,31,12,3
59,Organic Feb2023 #59,We saved your seat,2023-01-02 11:15:00+0000,58,55,3,33,11,1
60,Email Jan2023 #60,A special offer inside,2023-01-02 19:55:00+0000,56,52,4,33,12,3
61,Organic Jul2023 #61,New features just dropped,2023-01-03 00:21:00+0000,44,41,3,29,10,2
62,Referral Jun2023 #62,New features just dropped,2023-01-17 03:36:00+0000,44,43,1,27,9,1
63,Email Sep2023 #63,Your weekly update,2023-02-20 09:05:00+0000,46,45,1,28,17,4
64,Referral Feb2023 #64,Don't miss out,2023-01-10 12:36:00+0000,47,44,3,26,11,2
65,Referral Mar2023 #65,New features just dropped,2023-01-02 21:32:00+0000,47,43,4,33,10,2
66,Organic Mar2023 #66,Your weekly update,2023-01-07 12:10:00+0000,39,38,1,25,10,2
67,Display Sep2023 #67,We saved your seat,2023-02-07 07:39:00+0000,27,26,1,15,4,1
68,Organic Sep2023 #68,A special offer inside,2023-01-02 18:32:00+0000,38,37,1,21,12,2
69,Social Sep2023 #69,A special offer inside,2023-01-07 05:25:00+0000,60,56,4,34,11,3
70,Display Feb2023 #70,New features just dropped,2023-01-25 02:37:00+0000,30,27,3,13,3,1
71,Organic Jan2023 #71,A special offer inside,2023-01-18 20:04:00+0000,45,45,0,26,14,1
72,Display Jun2023 #72,We saved your seat,2023-01-11 02:49:00+0000,53,49,4,31,14,2
73,Paid Search May2023 #73,Don't miss out,2023-01-02 20:15:00+0000,28,24,4,17,8,0
74,Organic Mar2023 #74,New features just dropped,2023-01-08 00:10:00+0000,45,43,2,30,16,5
75,Referral Apr2023 #75,We saved your seat,2023-01-16 09:29:00+0000,45,43,2,33,10,1
76,Paid Search Jun2023 #76,Your weekly update,2023-01-06 04:02:00+0000,38,37,1,20,10,2
77,Organic Oct2023 #77,Don't miss out,2023-01-01 04:02:00+0000,58,55,3,32,14,3
78,Referral Jan2023 #78,New features just dropped,2023-01-12 00:26:00+0000,23,21,2,19,9,2
79,Organic Jan2023 #79,A special offer inside,2023-02-24 03:14:00+0000,26,26,0,19,8,1
80,Display Aug2023 #80,New features just dropped,2023-01-07 20:26:00+0000,50,47,3,35,17,1
81,Social May2023 #81,Your weekly update,2023-01-03 04:32:00+0000,34,32,2,21,11,0
82,Paid Search Aug2023 #82,A special offer inside,2023-01-01 17:45:00+0000,44,42,2,23,9,2
83,Display Mar2023 #83,Don't miss out,2023-01-01 17:29:00+0000,56,53,3,37,14,5
84,Social Apr2023 #84,New features just dropped,2023-01-08 09:46:00+0000,27,27,0,17,5,2
85,Paid Search Feb2023 #85,We saved your seat,2023-01-04 14:36:00+0000,24,23,1,18,3,1
86,Email May2023 #86,Your weekly update,2023-01-13 18:43:00+0000,28,26,2,14,6,3
87,Referral Sep2023 #87,New features just dropped,2023-01-17 03:45:00+0000,34,31,3,23,13,0
88,Email Aug2023 #88,We saved your seat,2023-01-08 10:52:00+0000,23,22,1,15,5,3
89,Email Oct2023 #89,New features just dropped,2023-01-21 10:42:00+0000,58,53,5,38,18,3
90,Email Aug2023 #90,Your weekly update,2023-01-19 15:48:00+0000,60,59,1,33,13,6
91,Referral May2023 #91,New features just dropped,2023-01-06 18:40:00+0000,56,54,2,25,14,4
92,Display May2023 #92,A special offer inside,2023-01-03 11:57:00+0000,26,23,3,17,3,1
93,Referral Aug2023 #93,A special offer inside,2023-01-08 07:31:00+0000,57,52,5,32,19,4
94,Paid Search Apr2023 #94,We saved your seat,2023-01-02 19:19:00+0000,47,45,2,22,7,3
95,Organic Mar2023 #95,A special offer inside,2023-01-04 08:51:00+0000,53,49,4,29,13,3
96,Paid Search Aug2023 #96,Don't miss out,2023-01-16 06:04:00+0000,56,55,1,35,16,3
97,Display Aug2023 #97,Don't miss out,2023-01-05 19:21:00+0000,39,36,3,25,12,1
98,Paid Search Oct2023 #98,New features just dropped,2023-01-02 11:00:00+0000,38,35,3,26,13,1
99,Paid Search Apr2023 #99,Don't miss out,2023-01-03 01:29:00+0000,58,55,3,37,9,2
100,Organic Oct2023 #100,Don't miss out,2023-01-01 09:13:00+0000,48,45,3,26,9,3
101,Paid Search Oct2023 #101,Your weekly update,2023-01-04 13:44:00+0000,42,39,3,21,6,0
102,Display Jun2023 #102,Your weekly update,2023-01-26 20:41:00+0000,39,36,3,26,9,2
103,Referral Oct2023 #103,Don't miss out,2023-01-08 11:14:00+0000,34,34,0,21,11,3
104,Paid Search Feb2023 #104,Your weekly update,2023-01-19 06:26:00+0000,45,44,1,32,17,3
105,Paid Search Mar2023 #105,Don't miss out,2023-01-01 00:08:00+0000,52,50,2,34,16,2
106,Referral Jan2023 #106,We saved your seat,2023-01-03 08:18:00+0000,53,53,0,31,8,1
107,Display Aug2023 #107,Your weekly update,2023-01-01 00:15:00+0000,58,56,2,34,11,4
108,Referral Jan2023 #108,Don't miss out,2023-01-09 10:30:00+0000,53,48,5,28,10,1
109,Email Mar2023 #109,Don't miss out,2023-01-20 02:54:00+0000,28,28,0,15,6,3
110,Social Oct2023 #110,New features just dropped,2023-01-10 21:02:00+0000,57,53,4,36,15,1
111,Social Feb2023 #111,We saved your seat,2023-01-04 11:50:00+0000,58,52,6,31,11,2
112,Social May2023 #112,We saved your seat,2023-01-06 01:05:00+0000,31,28,3,19,9,2
113,Display Jan2023 #113,New features just dropped,2023-01-02 02:52:00+0000,54,54,0,37,19,4
114,Referral Feb2023 #114,New features just dropped,2023-01-09 13:47:00+0000,31,31,0,16,2,3
115,Organic May2023 #115,New features just dropped,2023-01-01 15:41:00+0000,59,56,3,34,16,2
116,Referral Mar2023 #116,A special offer inside,2023-01-02 16:14:00+0000,39,38,1,18,9,1
117,Display Apr2023 #117,Don't miss out,2023-02-05 10:32:00+0000,41,38,3,23,8,2
118,Organic Feb2023 #118,A special offer inside,2023-01-03 09:29:00+0000,36,34,2,22,6,3
119,Organic Apr2023 #119,Your weekly update,2023-01-05 06:51:00+0000,22,22,0,15,10,1
120,Organic Jan2023 #120,New features just dropped,2023-01-13 00:22:00+0000,32,31,1,19,7,0
121,Organic Sep2023 #121,Don't miss out,2023-01-05 12:35:00+0000,26,26,0,18,5,1
122,Social Mar2023 #122,Don't miss out,2023-01-09 21:12:00+0000,20,18,2,14,6,1
123,Display Jun2023 #123,Your weekly update,2023-01-30 09:35:00+0000,39,37,2,27,13,1
124,Paid Search Jun2023 #124,We saved your seat,2023-01-05 07:29:00+0000,53,51,2,30,15,4
125,Paid Search Sep2023 #125,Don't miss out,2023-01-06 03:53:00+0000,27,27,0,16,5,2
126,Email Sep2023 #126,We saved your seat,2023-01-02 19:22:00+0000,43,42,1,26,13,4
127,Paid Search Mar2023 #127,Don't miss out,2023-01-03 06:36:00+0000,51,48,3,33,14,1
128,Paid Search Jun2023 #128,A special offer inside,2023-01-06 20:34:00+0000,26,23,3,10,6,2
129,Organic Jun2023 #129,New features just dropped,2023-01-15 06:04:00+0000,51,50,1,30,15,2
130,Display Sep2023 #130,We saved your seat,2023-01-02 14:10:00+0000,25,23,2,12,5,3
131,Organic Jun2023 #131,A special offer inside,2023-01-13 21:46:00+0000,48,44,4,32,15,4
132,Email Aug2023 #132,Don't miss out,2023-01-01 18:57:00+0000,57,54,3,31,13,4
133,Organic Feb2023 #133,New features just dropped,2023-01-28 21:55:00+0000,44,43,1,25,9,7
134,Organic Sep2023 #134,A special offer inside,2023-01-03 19:01:00+0000,25,25,0,13,6,2
135,Paid Search Mar2023 #135,New features just dropped,2023-01-06 12:30:00+0000,28,25,3,14,5,3
136,Paid Search Apr2023 #136,Don't miss out,2023-01-07 16:48:00+0000,39,36,3,25,8,1
137,Display Jan2023 #137,Don't miss out,2023-01-07 01:37:00+0000,37,34,3,19,10,2
138,Display Apr2023 #138,A special offer inside,2023-01-07 18:48:00+0000,27,26,1,15,7,2
139,Referral Feb2023 #139,Don't miss out,2023-01-03 14:50:00+0000,60,59,1,38,12,7
140,Email Jun2023 #140,Your weekly update,2023-01-15 16:18:00+0000,53,50,3,34,10,0
141,Organic Feb2023 #141,New features just dropped,2023-01-26 07:47:00+0000,21,21,0,16,8,1
142,Referral Apr2023 #142,Don't miss out,2023-01-02 13:17:00+0000,50,46,4,34,19,2
143,Referral Jul2023 #143,Don't miss out,2023-01-05 08:21:00+0000,30,29,1,19,11,1
144,Email Oct2023 #144,Your weekly update,2023-01-04 12:17:00+0000,60,57,3,32,7,4
145,Organic Mar2023 #145,New features just dropped,2023-01-09 16:05:00+0000,23,20,3,17,6,1
146,Email Jun2023 #146,We saved your seat,2023-01-11 00:53:00+0000,40,35,5,25,4,2
147,Organic Mar2023 #147,Your weekly update,2023-01-20 10:11:00+0000,25,23,2,20,4,1
148,Paid Search Jul2023 #148,Your weekly update,2023-01-09 15:55:00+0000,50,45,5,29,12,5
149,Paid Search Sep2023 #149,New features just dropped,2023-01-03 22:11:00+0000,54,49,5,29,13,1
150,Referral Aug2023 #150,Your weekly update,2023-01-07 22:16:00+0000,35,31,4,18,9,2
151,Organic Oct2023 #151,New features just dropped,2023-01-15 21:13:00+0000,23,21,2,16,6,2
152,Display Jul2023 #152,Your weekly update,2023-01-14 18:43:00+0000,38,36,2,24,9,0
153,Paid Search May2023 #153,New features just dropped,2023-01-28 04:49:00+0000,36,34,2,17,3,2
154,Organic Jan2023 #154,New features just dropped,2023-01-14 18:52:00+0000,52,51,1,33,15,2
155,Social Aug2023 #155,We saved your seat,2023-01-04 18:33:00+0000,36,33,3,24,11,1
156,Email Jul2023 #156,Don't miss out,2023-01-22 05:43:00+0000,23,23,0,14,11,2
157,Email Sep2023 #157,New features just dropped,2023-02-06 12:32:00+0000,22,21,1,16,5,1
158,Referral Aug2023 #158,A special offer inside,2023-01-26 20:19:00+0000,23,22,1,16,6,2
159,Paid Search Apr2023 #159,We saved your seat,2023-02-01 08:28:00+0000,22,21,1,15,5,0
160,Organic May2023 #160,We saved your seat,2023-01-04 07:05:00+0000,37,35,2,16,7,1
161,Display Jun2023 #161,Don't miss out,2023-01-01 07:59:00+0000,52,48,4,30,10,7
162,Referral Oct2023 #162,Your weekly update,2023-01-13 11:12:00+0000,38,37,1,25,10,1
163,Email Jan2023 #163,Your weekly update,2023-01-13 23:30:00+0000,21,18,3,13,8,1
164,Display May2023 #164,New features just dropped,2023-01-03 08:16:00+0000,53,52,1,35,16,2
165,Paid Search Apr2023 #165,We saved your seat,2023-01-01 23:32:00+0000,31,30,1,16,10,4
166,Social Jul2023 #166,New features just dropped,2023-02-22 23:49:00+0000,26,25,1,16,9,2
167,Referral Jan2023 #167,A special offer inside,2023-01-05 08:21:00+0000,44,43,1,24,8,1
168,Referral Jan2023 #168,Your weekly update,2023-01-18 11:56:00+0000,40,36,4,22,4,1
169,Email Feb2023 #169,New features just dropped,2023-01-07 02:47:00+0000,50,46,4,25,16,0
170,Paid Search Feb2023 #170,New features just dropped,2023-02-17 22:03:00+0000,39,38,1,25,10,1
171,Social Apr2023 #171,We saved your seat,2023-01-05 14:08:00+0000,31,30,1,13,6,2
172,Paid Search May2023 #172,A special offer inside,2023-01-01 10:22:00+0000,48,44,4,30,15,0
173,Social Mar2023 #173,A special offer inside,2023-02-10 19:08:00+0000,34,32,2,22,9,1
174,Paid Search Jun2023 #174,New features just dropped,2023-01-08 04:08:00+0000,54,51,3,36,15,5
175,Email Sep2023 #175,A special offer inside,2023-01-04 17:03:00+0000,53,53,0,38,9,3
176,Organic Feb2023 #176,A special offer inside,2023-01-17 23:47:00+0000,22,22,0,12,3,1
177,Email Oct2023 #177,We saved your seat,2023-01-03 12:07:00+0000,52,51,1,26,8,3
178,Social May2023 #178,We saved your seat,2023-01-06 23:32:00+0000,50,43,7,30,15,1
179,Display Sep2023 #179,A special offer inside,2023-01-04 01:21:00+0000,40,39,1,20,7,4
180,Email Jun2023 #180,New features just dropped,2023-01-12 20:05:00+0000,49,45,4,32,13,0
181,Email Oct2023 #181,Your weekly update,2023-01-03 08:23:00+0000,43,43,0,25,13,1
182,Email Apr2023 #182,New features just dropped,2023-01-06 00:21:00+0000,55,53,2,28,11,2
183,Social Jul2023 #183,New features just dropped,2023-01-13 07:02:00+0000,59,56,3,36,11,1
184,Email May2023 #184,Your weekly update,2023-01-03 13:25:00+0000,57,54,3,34,13,7
185,Referral Oct2023 #185,We saved your seat,2023-01-03 02:35:00+0000,47,45,2,35,18,0
186,Social Aug2023 #186,New features just dropped,2023-01-06 03:44:00+0000,44,44,0,29,6,1
187,Organic Jan2023 #187,A special offer inside,2023-01-06 21:27:00+0000,60,57,3,40,19,2
188,Referral Mar2023 #188,A special offer inside,2023-01-01 05:07:00+0000,59,58,1,35,19,7
189,Display Jun2023 #189,We saved your seat,2023-01-02 10:59:00+0000,48,47,1,28,12,0
190,Social Jan2023 #190,We saved your seat,2023-01-07 17:49:00+0000,20,19,1,13,6,0
191,Social Aug2023 #191,We saved your seat,2023-01-06 08:34:00+0000,43,42,1,30,9,1
192,Paid Search Oct2023 #192,Don't miss out,2023-01-08 21:52:00+0000,59,57,2,34,18,1
193,Organic Jun2023 #193,Don't miss out,2023-01-01 05:36:00+0000,32,31,1,21,8,2
194,Social Aug2023 #194,A special offer inside,2023-01-04 20:57:00+0000,32,31,1,23,11,3
195,Paid Search Jul2023 #195,New features just dropped,2023-01-13 16:43:00+0000,25,24,1,13,4,1
196,Referral Aug2023 #196,Don't miss out,2023-01-15 19:52:00+0000,30,27,3,19,4,1
197,Organic Aug2023 #197,New features just dropped,2023-01-11 10:51:00+0000,46,43,3,28,8,2
198,Referral Apr2023 #198,Your weekly update,2023-01-09 22:57:00+0000,60,59,1,34,11,5
199,Referral Aug2023 #199,A special offer inside,2023-01-11 17:41:00+0000,22,22,0,13,6,2
200,Paid Search Sep2023 #200,Don't miss out,2023-01-03 13:09:00+0000,26,25,1,13,5,1
201,Display Sep2023 #201,A special offer inside,2023-01-08 20:16:00+0000,39,38,1,29,9,5
202,Referral Apr2023 #202,Your weekly update,2023-01-10 22:28:00+0000,40,38,2,25,9,0
203,Social Sep2023 #203,Your weekly update,2023-01-08 11:38:00+0000,29,28,1,16,8,1
204,Display Jul2023 #204,A special offer inside,2023-01-17 05:46:00+0000,34,32,2,19,6,0
205,Email Jul2023 #205,Don't miss out,2023-01-25 22:13:00+0000,29,27,2,12,6,1
206,Display May2023 #206,A special offer inside,2023-01-10 05:15:00+0000,57,55,2,29,10,3
207,Email Oct2023 #207,New features just dropped,2023-01-03 07:06:00+0000,60,57,3,39,19,3
208,Social Jun2023 #208,New features just dropped,2023-01-21 10:15:00+0000,51,45,6,28,6,2
209,Paid Search Feb2023 #209,New features just dropped,2023-01-06 13:30:00+0000,33,31,2,21,8,3
210,Email Aug2023 #210,New features just dropped,2023-01-17 09:16:00+0000,37,36,1,24,9,3
211,Paid Search Oct2023 #211,New features just dropped,2023-01-05 15:48:00+0000,23,23,0,10,4,2
212,Social Jun2023 #212,Your weekly update,2023-01-16 09:41:00+0000,23,23,0,14,5,2
213,Organic Aug2023 #213,Don't miss out,2023-01-06 11:41:00+0000,58,55,3,35,16,8
214,Referral Jul2023 #214,Don't miss out,2023-01-03 16:03:00+0000,24,22,2,13,2,2
215,Social Aug2023 #215,We saved your seat,2023-01-16 19:27:00+0000,25,23,2,16,7,0
216,Social Mar2023 #216,A special offer inside,2023-01-06 20:09:00+0000,30,27,3,16,7,2
217,Paid Search Sep2023 #217,Your weekly update,2023-01-13 05:31:00+0000,20,20,0,11,3,0
218,Display Jul2023 #218,Your weekly update,2023-01-14 03:39:00+0000,51,49,2,32,11,0
219,Paid Search Feb2023 #219,A special offer inside,2023-01-11 22:40:00+0000,38,37,1,26,8,2
220,Email May2023 #220,A special offer inside,2023-01-05 12:22:00+0000,41,39,2,26,5,2
221,Social Mar2023 #221,New features just dropped,2023-01-05 08:16:00+0000,47,45,2,30,12,2
222,Social Feb2023 #222,Your weekly update,2023-01-02 06:34:00+0000,38,36,2,20,10,1
223,Email Aug2023 #223,Your weekly update,2023-01-09 12:29:00+0000,48,47,1,29,9,2
224,Social Oct2023 #224,A special offer inside,2023-01-12 19:45:00+0000,58,55,3,31,12,1
225,Email Feb2023 #225,A special offer inside,2023-01-02 23:52:00+0000,36,36,0,22,8,2
226,Organic Jan2023 #226,Don't miss out,2023-01-21 04:09:00+0000,24,24,0,14,8,1
227,Organic Jan2023 #227,New features just dropped,2023-02-03 16:39:00+0000,41,37,4,22,6,4
228,Social Jan2023 #228,We saved your seat,2023-01-13 00:51:00+0000,58,57,1,38,12,2
229,Social Jan2023 #229,New features just dropped,2023-01-03 19:42:00+0000,46,43,3,29,16,3
230,Display Jul2023 #230,Your weekly update,2023-01-05 20:28:00+0000,31,30,1,16,7,2
231,Paid Search Jul2023 #231,Don't miss out,2023-01-04 05:32:00+0000,35,33,2,19,8,1
232,Paid Search Jul2023 #232,A special offer inside,2023-01-03 10:09:00+0000,29,28,1,21,8,2
233,Social Apr2023 #233,We saved your seat,2023-01-07 22:41:00+0000,59,59,0,34,11,1
234,Display Feb2023 #234,Your weekly update,2023-01-03 22:10:00+0000,35,33,2,17,7,1
235,Paid Search Sep2023 #235,We saved your seat,2023-01-09 01:41:00+0000,37,35,2,23,11,3
236,Display Feb2023 #236,New features just dropped,2023-01-08 06:41:00+0000,52,51,1,32,11,4
237,Display Jul2023 #237,Don't miss out,2023-01-20 06:15:00+0000,39,35,4,22,10,0
238,Social May2023 #238,New features just dropped,2023-01-12 07:14:00+0000,28,26,2,15,6,2
239,Referral Mar2023 #239,A special offer inside,2023-01-06 13:43:00+0000,26,24,2,15,6,0
240,Email Sep2023 #240,Don't miss out,2023-01-02 10:52:00+0000,56,52,4,38,14,3
241,Display Mar2023 #241,New features just dropped,2023-01-02 03:07:00+0000,30,27,3,24,9,3
242,Social Apr2023 #242,We saved your seat,2023-01-02 09:28:00+0000,39,37,2,20,10,2
243,Display Sep2023 #243,Don't miss out,2023-01-04 18:00:00+0000,32,32,0,21,7,0
244,Display Jun2023 #244,Don't miss out,2023-01-14 06:19:00+0000,27,25,2,15,5,1
245,Display Jun2023 #245,A special offer inside,2023-01-07 23:04:00+0000,39,37,2,19,8,0
246,Email Jun2023 #246,A special offer inside,2023-01-01 02:37:00+0000,47,45,2,27,12,5
247,Paid Search Feb2023 #247,We saved your seat,2023-01-28 20:51:00+0000,22,22,0,11,4,2
248,Paid Search Jan2023 #248,We saved your seat,2023-01-09 01:08:00+0000,23,21,2,11,4,0
249,Display Mar2023 #249,Don't miss out,2023-01-01 23:59:00+0000,45,44,1,24,12,4
250,Social May2023 #250,Your weekly update,2023-01-02 15:06:00+0000,36,32,4,20,9,0
251,Social Aug2023 #251,New features just dropped,2023-01-17 21:50:00+0000,25,25,0,15,6,1
252,Display Jun2023 #252,Don't miss out,2023-01-06 11:38:00+0000,42,41,1,21,8,2
253,Paid Search Jan2023 #253,We saved your seat,2023-01-12 01:02:00+0000,45,42,3,28,11,1
254,Social Oct2023 #254,Don't miss out,2023-01-03 20:24:00+0000,43,42,1,27,12,1
255,Email Aug2023 #255,A special offer inside,2023-01-01 06:01:00+0000,23,23,0,15,6,3
256,Organic Jun2023 #256,New features just dropped,2023-01-15 22:34:00+0000,21,19,2,13,3,0
257,Referral May2023 #257,Don't miss out,2023-01-06 22:34:00+0000,47,44,3,27,13,3
258,Social Jul2023 #258,A special offer inside,2023-01-05 04:49:00+0000,52,47,5,31,10,3
259,Organic Sep2023 #259,New features just dropped,2023-01-11 20:52:00+0000,52,50,2,25,10,3
260,Email May2023 #260,New features just dropped,2023-01-03 14:26:00+0000,54,49,5,28,10,3
261,Organic Aug2023 #261,Your weekly update,2023-01-01 10:54:00+0000,34,31,3,20,9,0
262,Social Apr2023 #262,A special offer inside,2023-01-07 17:50:00+0000,57,55,2,34,14,3
263,Social May2023 #263,New features just dropped,2023-01-15 06:58:00+0000,59,54,5,33,11,1
264,Social Jan2023 #264,Your weekly update,2023-01-05 22:46:00+0000,26,25,1,12,3,2
265,Paid Search May2023 #265,Your weekly update,2023-01-03 09:48:00+0000,43,41,2,20,9,6
266,Email May2023 #266,Don't miss out,2023-01-24 05:00:00+0000,43,42,1,30,11,1
267,Email Apr2023 #267,We saved your seat,2023-01-13 00:06:00+0000,28,26,2,15,4,1
268,Paid Search Feb2023 #268,We saved your seat,2023-01-07 15:12:00+0000,22,20,2,10,5,2
269,Display Aug2023 #269,New features just dropped,2023-01-03 00:36:00+0000,39,38,1,27,12,0
270,Social Oct2023 #270,New features just dropped,2023-01-08 21:56:00+0000,42,41,1,34,12,3
271,Referral Oct2023 #271,New features just dropped,2023-01-04 15:12:00+0000,52,49,3,30,7,2
272,Display Jan2023 #272,Don't miss out,2023-01-12 17:54:00+0000,32,31,1,19,11,3
273,Email Jul2023 #273,Your weekly update,2023-01-01 03:41:00+0000,42,38,4,22,7,2
274,Display Oct2023 #274,We saved your seat,2023-01-19 15:34:00+0000,50,47,3,31,13,3
275,Referral Feb2023 #275,A special offer inside,2023-01-15 20:10:00+0000,53,49,4,32,19,1
276,Paid Search May2023 #276,We saved your seat,2023-01-07 04:48:00+0000,31,31,0,18,13,3
277,Referral May2023 #277,Your weekly update,2023-01-06 16:34:00+0000,36,34,2,15,10,4
278,Paid Search Feb2023 #278,Your weekly update,2023-01-07 20:02:00+0000,60,55,5,39,18,2
279,Referral Feb2023 #279,A special offer inside,2023-01-07 12:07:00+0000,42,40,2,23,9,5
280,Paid Search Apr2023 #280,Don't miss out,2023-01-04 12:05:00+0000,41,39,2,20,6,2
281,Organic Jul2023 #281,We saved your seat,2023-01-11 12:18:00+0000,55,50,5,34,13,4
282,Email Mar2023 #282,New features just dropped,2023-01-26 21:32:00+0000,26,26,0,20,6,1
283,Referral Jan2023 #283,Don't miss out,2023-01-05 07:47:00+0000,23,23,0,20,6,1
284,Display Jan2023 #284,New features just dropped,2023-01-07 00:32:00+0000,59,57,2,39,16,2
285,Paid Search Sep2023 #285,We saved your seat,2023-01-03 07:27:00+0000,48,47,1,28,17,2
286,Paid Search Jan2023 #286,A special offer inside,2023-01-02 23:43:00+0000,37,34,3,21,5,2
287,Paid Search Jan2023 #287,Don't miss out,2023-01-14 22:30:00+0000,27,26,1,17,10,1
288,Email Oct2023 #288,We saved your seat,2023-01-04 17:53:00+0000,42,38,4,21,9,4
289,Social Jan2023 #289,New features just dropped,2023-01-03 18:20:00+0000,52,47,5,33,12,3
290,Social Oct2023 #290,We saved your seat,2023-01-02 19:12:00+0000,53,47,6,29,12,4
291,Social Apr2023 #291,Your weekly update,2023-01-04 03:40:00+0000,35,33,2,26,11,3
292,Social Jul2023 #292,Your weekly update,2023-01-06 07:00:00+0000,22,22,0,15,7,2
293,Organic Sep2023 #293,We saved your seat,2023-01-07 19:43:00+0000,38,35,3,25,10,1
294,Paid Search Jan2023 #294,New features just dropped,2023-01-11 11:48:00+0000,56,54,2,37,15,2
295,Paid Search Jan2023 #295,Your weekly update,2023-01-08 13:01:00+0000,36,35,1,20,6,3
296,Social Sep2023 #296,We saved your seat,2023-01-16 08:57:00+0000,23,22,1,13,3,2
297,Paid Search Sep2023 #297,We saved your seat,2023-01-16 10:10:00+0000,50,45,5,34,15,2
298,Paid Search Sep2023 #298,New features just dropped,2023-01-01 20:53:00+0000,44,40,4,24,11,1
299,Email Jun2023 #299,Your weekly update,2023-01-02 19:08:00+0000,54,49,5,37,17,1
300,Email Mar2023 #300,New features just dropped,2023-01-02 07:34:00+0000,38,38,0,20,8,2
301,Referral Oct2023 #301,New features just dropped,2023-01-10 03:59:00+0000,21,18,3,16,6,3
302,Paid Search Jun2023 #302,New features just dropped,2023-01-15 00:03:00+0000,41,40,1,25,12,1
303,Paid Search Sep2023 #303,Your weekly update,2023-02-03 18:38:00+0000,49,46,3,34,13,2
304,Referral Apr2023 #304,Your weekly update,2023-03-05 20:15:00+0000,21,20,1,10,5,2
305,Organic Mar2023 #305,Don't miss out,2023-01-01 22:42:00+0000,54,52,2,33,12,2
306,Organic Jun2023 #306,A special offer inside,2023-01-09 22:39:00+0000,41,40,1,20,7,2
307,Paid Search Mar2023 #307,We saved your seat,2023-01-17 21:25:00+0000,56,55,1,39,18,2
308,Organic Aug2023 #308,A special offer inside,2023-01-01 18:17:00+0000,47,44,3,31,17,2
309,Organic Jun2023 #309,New features just dropped,2023-02-02 02:59:00+0000,26,25,1,16,6,2
310,Display Aug2023 #310,Don't miss out,2023-01-12 13:43:00+0000,28,27,1,16,5,2
311,Display Feb2023 #311,Don't miss out,2023-01-07 09:04:00+0000,60,57,3,39,16,4
312,Organic Feb2023 #312,We saved your seat,2023-01-08 14:06:00+0000,36,33,3,17,11,3
313,Email Jan2023 #313,We saved your seat,2023-01-07 11:32:00+0000,34,33,1,23,5,3
314,Paid Search Jun2023 #314,A special offer inside,2023-01-19 14:41:00+0000,21,20,1,12,3,3
315,Organic Apr2023 #315,A special offer inside,2023-01-15 03:04:00+0000,24,22,2,11,4,1
316,Email Apr2023 #316,Your weekly update,2023-01-02 06:16:00+0000,33,31,2,21,8,1
317,Social Jul2023 #317,A special offer inside,2023-01-10 08:46:00+0000,48,46,2,32,12,1
318,Display Feb2023 #318,A special offer inside,2023-01-12 17:26:00+0000,49,48,1,27,13,2
319,Email Jul2023 #319,New features just dropped,2023-01-07 03:02:00+0000,58,57,1,28,10,6
320,Social Feb2023 #320,Don't miss out,2023-01-12 02:09:00+0000,49,44,5,28,8,2
321,Paid Search Feb2023 #321,A special offer inside,2023-01-06 09:41:00+0000,23,22,1,14,5,1
322,Paid Search Sep2023 #322,Your weekly update,2023-01-05 11:15:00+0000,59,55,4,39,17,1
323,Organic Jul2023 #323,A special offer inside,2023-01-07 17:25:00+0000,28,24,4,19,2,2
324,Paid Search Apr2023 #324,New features just dropped,2023-01-01 19:34:00+0000,36,34,2,24,7,2
325,Paid Search Oct2023 #325,We saved your seat,2023-02-19 09:12:00+0000,24,23,1,20,7,0
326,Social Aug2023 #326,New features just dropped,2023-01-10 09:47:00+0000,60,58,2,33,12,5
327,Social Oct2023 #327,Your weekly update,2023-01-06 00:35:00+0000,33,30,3,19,13,0
328,Referral Oct2023 #328,We saved your seat,2023-01-16 16:01:00+0000,20,19,1,11,6,0
329,Display Sep2023 #329,Don't miss out,2023-01-05 08:28:00+0000,47,44,3,33,12,2
330,Display Sep2023 #330,Your weekly update,2023-01-07 06:55:00+0000,30,24,6,15,3,0
331,Organic Jun2023 #331,Your weekly update,2023-01-12 02:43:00+0000,32,31,1,18,4,3
332,Organic Mar2023 #332,A special offer inside,2023-01-06 04:29:00+0000,50,47,3,31,12,1
333,Email Apr2023 #333,Your weekly update,2023-01-11 21:34:00+0000,21,20,1,13,8,2
334,Display May2023 #334,Don't miss out,2023-01-12 03:35:00+0000,51,48,3,33,16,3
335,Paid Search Sep2023 #335,Don't miss out,2023-01-01 15:34:00+0000,50,48,2,30,9,2
336,Email Feb2023 #336,Don't miss out,2023-01-28 19:02:00+0000,37,35,2,16,3,3
337,Organic Mar2023 #337,Your weekly update,2023-01-19 01:59:00+0000,40,39,1,25,10,4
338,Display Jul2023 #338,New features just dropped,2023-01-25 23:02:00+0000,39,38,1,19,8,4
339,Referral May2023 #339,Your weekly update,2023-01-13 01:37:00+0000,53,51,2,34,13,2
340,Social Sep2023 #340,A special offer inside,2023-01-15 06:18:00+0000,22,22,0,10,6,2
341,Social Oct2023 #341,Don't miss out,2023-01-22 07:47:00+0000,31,31,0,22,6,1
342,Display May2023 #342,A special offer inside,2023-01-21 05:31:00+0000,49,46,3,29,8,0
343,Paid Search Jan2023 #343,Don't miss out,2023-01-04 23:58:00+0000,59,57,2,37,12,1
344,Email Jan2023 #344,A special offer inside,2023-01-11 03:37:00+0000,54,52,2,38,14,2
345,Referral May2023 #345,We saved your seat,2023-01-03 12:18:00+0000,58,55,3,37,19,3
346,Paid Search Jan2023 #346,We saved your seat,2023-01-06 22:44:00+0000,55,54,1,31,9,3
347,Organic Jun2023 #347,Don't miss out,2023-01-25 21:37:00+0000,29,28,1,15,8,0
348,Email Jun2023 #348,A special offer inside,2023-01-22 15:58:00+0000,47,42,5,30,11,0
349,Social Apr2023 #349,Your weekly update,2023-01-07 11:44:00+0000,42,41,1,23,11,3
350,Email Aug2023 #350,New features just dropped,2023-01-09 22:36:00+0000,20,20,0,10,3,2
351,Social Feb2023 #351,Your weekly update,2023-01-01 17:19:00+0000,43,40,3,25,6,2
352,Paid Search Aug2023 #352,Your weekly update,2023-01-11 19:39:00+0000,45,45,0,26,8,2
353,Referral Jul2023 #353,New features just dropped,2023-01-08 03:22:00+0000,53,51,2,31,16,7
354,Display Sep2023 #354,New features just dropped,2023-02-15 22:23:00+0000,40,38,2,24,13,1
355,Email Jan2023 #355,A special offer inside,2023-01-07 19:27:00+0000,21,21,0,11,6,1
356,Social Jul2023 #356,New features just dropped,2023-01-04 19:54:00+0000,28,25,3,18,6,2
357,Paid Search Mar2023 #357,We saved your seat,2023-01-22 22:56:00+0000,51,48,3,39,17,1
358,Paid Search Jan2023 #358,New features just dropped,2023-01-21 16:10:00+0000,28,25,3,14,7,2
359,Organic Aug2023 #359,Your weekly update,2023-01-20 02:37:00+0000,41,37,4,24,9,2
360,Organic Mar2023 #360,Don't miss out,2023-01-19 16:45:00+0000,39,38,1,22,12,2
361,Referral Apr2023 #361,We saved your seat,2023-01-23 13:12:00+0000,32,31,1,20,6,0
362,Organic Jun2023 #362,New features just dropped,2023-01-04 06:54:00+0000,43,39,4,26,7,1
363,Display May2023 #363,New features just dropped,2023-01-24 17:37:00+0000,47,43,4,30,9,3
364,Organic Jul2023 #364,Don't miss out,2023-01-13 12:00:00+0000,39,37,2,23,10,0
365,Referral Oct2023 #365,A special offer inside,2023-01-02 16:42:00+0000,33,31,2,19,7,0
366,Social Oct2023 #366,Your weekly update,2023-01-07 14:07:00+0000,20,19,1,12,6,0
367,Referral Mar2023 #367,Don't miss out,2023-01-17 08:57:00+0000,37,34,3,19,8,0
368,Organic Jul2023 #368,A special offer inside,2023-01-01 06:39:00+0000,36,35,1,20,7,0
369,Organic Jan2023 #369,Your weekly update,2023-01-10 23:58:00+0000,43,41,2,27,7,5
370,Referral Jan2023 #370,New features just dropped,2023-01-05 09:28:00+0000,36,35,1,27,10,1
371,Email Oct2023 #371,A special offer inside,2023-01-12 01:18:00+0000,23,20,3,17,8,1
372,Referral Feb2023 #372,Don't miss out,2023-01-21 08:11:00+0000,26,25,1,12,7,1
373,Organic Jul2023 #373,We saved your seat,2023-01-02 12:57:00+0000,58,55,3,34,12,5
374,Referral Jan2023 #374,Don't miss out,2023-01-18 02:11:00+0000,44,42,2,28,10,2
375,Referral Feb2023 #375,Don't miss out,2023-01-18 11:12:00+0000,39,36,3,20,9,4
376,Email May2023 #376,We saved your seat,2023-01-29 06:42:00+0000,31,30,1,12,3,0
377,Social Apr2023 #377,A special offer inside,2023-01-01 03:20:00+0000,58,56,2,33,13,4
378,Display Sep2023 #378,A special offer inside,2023-01-09 21:01:00+0000,31,30,1,19,7,1
379,Display Feb2023 #379,Don't miss out,2023-01-19 23:06:00+0000,28,28,0,16,5,3
380,Social Sep2023 #380,Don't miss out,2023-01-06 18:29:00+0000,57,55,2,33,13,2
381,Referral Apr2023 #381,A special offer inside,2023-01-10 21:10:00+0000,40,38,2,23,10,0
382,Referral Aug2023 #382,We saved your seat,2023-01-15 22:32:00+0000,46,42,4,27,8,5
383,Paid Search Sep2023 #383,Your weekly update,2023-01-09 13:26:00+0000,33,33,0,19,12,1
384,Social Sep2023 #384,We saved your seat,2023-01-01 20:20:00+0000,25,24,1,19,6,0
385,Social Apr2023 #385,New features just dropped,2023-01-05 02:50:00+0000,34,34,0,21,11,4
386,Referral Jul2023 #386,Don't miss out,2023-01-11 12:14:00+0000,46,45,1,37,15,3
387,Display Aug2023 #387,A special offer inside,2023-01-05 05:37:00+0000,49,49,0,27,15,1
388,Paid Search Jun2023 #388,We saved your seat,2023-01-01 00:34:00+0000,21,20,1,12,3,2
389,Social Jun2023 #389,New features just dropped,2023-01-01 23:32:00+0000,28,26,2,16,7,0
390,Paid Search Jan2023 #390,New features just dropped,2023-01-22 15:56:00+0000,27,25,2,17,7,1
391,Organic Oct2023 #391,Don't miss out,2023-01-18 15:06:00+0000,38,36,2,28,8,3
392,Organic Feb2023 #392,Your weekly update,2023-01-11 03:10:00+0000,36,34,2,18,7,1
393,Display Sep2023 #393,Your weekly update,2023-01-02 08:14:00+0000,51,49,2,34,16,0
394,Display Aug2023 #394,New features just dropped,2023-01-02 19:37:00+0000,28,27,1,16,9,0
395,Paid Search Aug2023 #395,We saved your seat,2023-01-11 15:07:00+0000,48,48,0,27,10,1
396,Social Oct2023 #396,New features just dropped,2023-01-14 05:24:00+0000,30,27,3,19,11,1
397,Display Jan2023 #397,Don't miss out,2023-01-03 07:44:00+0000,26,23,3,13,4,1
398,Email Sep2023 #398,Don't miss out,2023-01-12 03:39:00+0000,26,24,2,20,11,2
399,Display Jan2023 #399,Your weekly update,2023-01-12 15:39:00+0000,21,19,2,11,5,1
400,Social Aug2023 #400,New features just dropped,2023-01-07 03:19:00+0000,36,32,4,17,4,1
