id,name,city,country
1,Site 1,Berlin,JP
2,Site 2,London,GB
3,Site 3,Austin,US
4,Site 4,São Paulo,SE
5,Site 5,São Paulo,DE
6,Site 6,Berlin,SE
7,Site 7,Tokyo,US
8,Site 8,Lagos,SE
9,Site 9,London,GB
10,Site 10,Berlin,JP
11,Site 11,Mumbai,IN
12,Site 12,Berlin,SE
13,Site 13,Malmö,DE
14,Site 14,London,JP
15,Site 15,Berlin,NG
16,Site 16,Mumbai,JP
17,Site 17,Berlin,DE
18,Site 18,Malmö,BR
19,Site 19,Austin,JP
20,Site 20,Mumbai,NG
21,Site 21,São Paulo,BR
22,Site 22,São Paulo,US
23,Site 23,Tokyo,BR
24,Site 24,Malmö,JP
25,Site 25,Tokyo,SE
26,Site 26,Tokyo,JP
27,Site 27,Austin,IN
28,Site 28,Lagos,DE
29,Site 29,Malmö,JP
30,Site 30,Austin,GB
31,Site 31,London,US
32,Site 32,Austin,IN
33,Site 33,Lagos,US
34,Site 34,São Paulo,US
35,Site 35,Mumbai,GB
36,Site 36,Tokyo,DE
37,Site 37,São Paulo,NG
38,Site 38,Berlin,NG
39,Site 39,Malmö,SE
40,Site 40,Malmö,JP
41,Site 41,London,NG
42,Site 42,Austin,BR
43,Site 43,Lagos,DE
44,Site 44,Tokyo,DE
45,Site 45,Mumbai,DE
46,Site 46,Austin,US
47,Site 47,Austin,JP
48,Site 48,Lagos,IN
49,Site 49,Austin,DE
50,Site 50,Austin,JP
51,Site 51,Berlin,JP
52,Site 52,Malmö,US
53,Site 53,São Paulo,GB
54,Site 54,Berlin,IN
55,Site 55,Lagos,JP
56,Site 56,São Paulo,GB
57,Site 57,Lagos,DE
58,Site 58,London,US
59,Site 59,Austin,NG
60,Site 60,São Paulo,JP
61,Site 61,São Paulo,NG
62,Site 62,Tokyo,DE
63,Site 63,Austin,US
64,Site 64,Austin,US
65,Site 65,London,JP
66,Site 66,Berlin,NG
67,Site 67,Austin,IN
68,Site 68,Berlin,JP
69,Site 69,London,BR
70,Site 70,London,SE
71,Site 71,Tokyo,JP
72,Site 72,Mumbai,NG
73,Site 73,London,GB
74,Site 74,Mumbai,SE
75,Site 75,São Paulo,JP
76,Site 76,Mumbai,DE
77,Site 77,Malmö,GB
78,Site 78,Mumbai,GB
79,Site 79,Austin,IN
80,Site 80,Lagos,BR
81,Site 81,Austin,NG
82,Site 82,São Paulo,DE
83,Site 83,London,GB
84,Site 84,Lagos,GB
85,Site 85,London,IN
86,Site 86,Austin,GB
87,Site 87,Malmö,SE
88,Site 88,Austin,SE
89,Site 89,São Paulo,DE
90,Site 90,Malmö,DE
91,Site 91,São Paulo,JP
92,Site 92,Malmö,IN
93,Site 93,London,IN
94,Site 94,Tokyo,GB
95,Site 95,Berlin,DE
96,Site 96,London,US
97,Site 97,Berlin,DE
98,Site 98,São Paulo,BR
99,Site 99,Austin,SE
100,Site 100,Tokyo,BR
101,Site 101,Berlin,GB
102,Site 102,London,GB
103,Site 103,Austin,US
104,Site 104,São Paulo,SE
105,Site 105,Tokyo,DE
106,Site 106,Mumbai,JP
107,Site 107,Lagos,JP
108,Site 108,Lagos,GB
109,Site 109,Berlin,NG
110,Site 110,London,SE
111,Site 111,Tokyo,DE
112,Site 112,London,BR
113,Site 113,Malmö,DE
114,Site 114,Mumbai,NG
115,Site 115,Tokyo,GB
116,Site 116,Malmö,GB
117,Site 117,London,GB
118,Site 118,Malmö,IN
119,Site 119,Lagos,DE
120,Site 120,São Paulo,BR
